market_cap,Date
"119,539,754,303",01/01/2019
"130,559,683,929",02/01/2019
"132,191,953,108",03/01/2019
"129,598,302,071",04/01/2019
"125,127,770,874",05/01/2019
"127,387,901,332",06/01/2019
"133,699,445,974",07/01/2019
"130,001,303,335",08/01/2019
"131,186,994,930",09/01/2019
"131,596,137,094",10/01/2019
"136,472,269,765",11/01/2019
"135,181,889,266",12/01/2019
"135,692,781,759",13/01/2019
"136,622,865,059",14/01/2019
"121,877,149,733",15/01/2019
"121,521,869,094",16/01/2019
"121,501,622,603",17/01/2019
"116,264,026,528",18/01/2019
"122,793,431,199",19/01/2019
"119,158,976,045",20/01/2019
"120,760,711,700",21/01/2019
"121,732,647,934",22/01/2019
"120,687,671,192",23/01/2019
"123,718,332,639",24/01/2019
"119,176,701,826",25/01/2019
"118,400,593,695",26/01/2019
"120,324,780,190",27/01/2019
"119,457,252,817",28/01/2019
"119,949,994,991",29/01/2019
"119,490,003,129",30/01/2019
"119,712,328,572",31/01/2019
"118,727,660,269",01/02/2019
"112,849,403,241",02/02/2019
"112,254,825,327",03/02/2019
"115,265,595,505",04/02/2019
"113,828,868,736",05/02/2019
"114,524,755,348",06/02/2019
"114,459,946,116",07/02/2019
"113,742,474,877",08/02/2019
"114,060,619,741",09/02/2019
"114,083,378,282",10/02/2019
"111,644,353,981",11/02/2019
"111,861,341,538",12/02/2019
"120,342,221,925",13/02/2019
"121,668,868,725",14/02/2019
"121,671,686,389",15/02/2019
"121,249,812,858",16/02/2019
"121,102,545,930",17/02/2019
"120,375,898,593",18/02/2019
"119,663,113,409",19/02/2019
"120,111,326,739",20/02/2019
"121,276,134,204",21/02/2019
"123,002,391,942",22/02/2019
"131,181,258,551",23/02/2019
"133,801,690,737",24/02/2019
"134,997,398,290",25/02/2019
"132,638,028,535",26/02/2019
"135,053,714,372",27/02/2019
"140,680,996,132",28/02/2019
"127,417,963,526",01/03/2019
"130,049,467,328",02/03/2019
"128,915,196,173",03/03/2019
"126,733,124,308",04/03/2019
"128,896,223,868",05/03/2019
"130,209,884,746",06/03/2019
"129,192,527,194",07/03/2019
"128,523,108,821",08/03/2019
"124,491,389,948",09/03/2019
"130,872,996,455",10/03/2019
"132,193,972,902",11/03/2019
"132,919,236,462",12/03/2019
"130,572,963,594",13/03/2019
"134,285,022,063",14/03/2019
"134,252,472,508",15/03/2019
"132,463,034,752",16/03/2019
"133,782,834,138",17/03/2019
"132,943,242,011",18/03/2019
"133,505,588,825",19/03/2019
"137,314,195,749",20/03/2019
"140,837,591,064",21/03/2019
"139,517,676,312",22/03/2019
"139,449,496,510",23/03/2019
"140,367,571,154",24/03/2019
"141,886,835,963",25/03/2019
"139,079,642,352",26/03/2019
"140,258,621,413",27/03/2019
"140,857,035,969",28/03/2019
"140,495,609,196",29/03/2019
"138,007,705,979",30/03/2019
"138,090,197,897",31/03/2019
"142,799,268,110",01/04/2019
"142,706,756,881",02/04/2019
"145,550,504,850",03/04/2019
"145,360,107,230",04/04/2019
"146,152,509,784",05/04/2019
"147,857,561,299",06/04/2019
"168,215,973,382",07/04/2019
"176,484,381,716",08/04/2019
"170,495,067,569",09/04/2019
"177,307,105,151",10/04/2019
"177,715,819,359",11/04/2019
"182,588,675,375",12/04/2019
"184,105,664,346",13/04/2019
"180,449,259,881",14/04/2019
"183,407,546,648",15/04/2019
"172,613,124,828",16/04/2019
"173,738,151,834",17/04/2019
"173,426,618,551",18/04/2019
"177,194,736,203",19/04/2019
"172,507,477,304",20/04/2019
"177,015,755,306",21/04/2019
"177,976,652,158",22/04/2019
"181,314,044,562",23/04/2019
"180,689,006,236",24/04/2019
"180,972,655,812",25/04/2019
"178,712,179,038",26/04/2019
"181,637,637,717",27/04/2019
"183,624,300,227",28/04/2019
"176,781,276,404",29/04/2019
"178,119,940,694",30/04/2019
"171,253,117,221",01/05/2019
"172,015,206,514",02/05/2019
"171,018,798,920",03/05/2019
"167,030,639,265",04/05/2019
"173,974,205,506",05/05/2019
"173,098,297,125",06/05/2019
"176,159,313,395",07/05/2019
"183,675,308,632",08/05/2019
"184,126,253,758",09/05/2019
"181,705,942,908",10/05/2019
"183,008,337,354",11/05/2019
"185,746,139,216",12/05/2019
"186,055,484,001",13/05/2019
"186,484,772,759",14/05/2019
"193,734,562,973",15/05/2019
"219,068,041,935",16/05/2019
"209,512,376,181",17/05/2019
"231,281,699,291",18/05/2019
"237,129,765,939",19/05/2019
"253,433,108,344",20/05/2019
"248,159,419,734",21/05/2019
"228,519,432,851",22/05/2019
"230,089,496,228",23/05/2019
"253,979,497,721",24/05/2019
"245,493,748,656",25/05/2019
"248,933,582,721",26/05/2019
"241,980,364,957",27/05/2019
"246,509,023,800",28/05/2019
"252,181,689,611",29/05/2019
"252,517,044,163",30/05/2019
"268,150,900,355",31/05/2019
"273,853,313,843",01/06/2019
"273,976,526,266",02/06/2019
"275,976,707,856",03/06/2019
"262,732,380,119",04/06/2019
"271,257,075,431",05/06/2019
"273,649,425,044",06/06/2019
"277,379,707,382",07/06/2019
"270,333,165,327",08/06/2019
"244,733,713,490",09/06/2019
"249,642,640,710",10/06/2019
"249,181,048,029",11/06/2019
"258,878,637,546",12/06/2019
"254,647,389,733",13/06/2019
"242,082,804,988",14/06/2019
"255,123,921,398",15/06/2019
"254,588,642,748",16/06/2019
"261,389,040,454",17/06/2019
"264,749,805,430",18/06/2019
"272,363,845,653",19/06/2019
"277,449,644,567",20/06/2019
"284,018,214,518",21/06/2019
"291,616,496,804",22/06/2019
"282,146,312,657",23/06/2019
"290,113,552,161",24/06/2019
"295,242,718,150",25/06/2019
"304,896,617,765",26/06/2019
"319,292,186,419",27/06/2019
"329,712,585,758",28/06/2019
"331,007,336,887",29/06/2019
"345,546,886,158",30/06/2019
"357,142,109,892",01/07/2019
"324,058,471,594",02/07/2019
"348,022,978,993",03/07/2019
"345,747,508,902",04/07/2019
"318,414,505,620",05/07/2019
"308,844,813,269",06/07/2019
"314,169,203,204",07/07/2019
"337,793,189,926",08/07/2019
"330,866,158,179",09/07/2019
"316,600,104,327",10/07/2019
"322,015,850,886",11/07/2019
"327,696,746,619",12/07/2019
"345,173,715,498",13/07/2019
"348,412,263,241",14/07/2019
"332,865,920,218",15/07/2019
"311,027,835,240",16/07/2019
"322,132,565,733",17/07/2019
"310,327,652,845",18/07/2019
"287,991,936,697",19/07/2019
"294,306,086,867",20/07/2019
"257,606,672,347",21/07/2019
"266,805,651,520",22/07/2019
"286,785,480,695",23/07/2019
"284,411,665,287",24/07/2019
"299,410,528,532",25/07/2019
"288,621,169,234",26/07/2019
"281,844,877,395",27/07/2019
"276,804,332,911",28/07/2019
"271,007,681,419",29/07/2019
"273,754,585,769",30/07/2019
"273,261,846,931",31/07/2019
"262,997,782,372",01/08/2019
"266,207,991,281",02/08/2019
"265,311,473,972",03/08/2019
"266,361,494,305",04/08/2019
"275,907,979,143",05/08/2019
"282,706,482,100",06/08/2019
"284,771,902,073",07/08/2019
"290,865,240,741",08/08/2019
"294,003,077,176",09/08/2019
"311,315,464,400",10/08/2019
"298,746,682,272",11/08/2019
"311,130,399,343",12/08/2019
"308,358,781,605",13/08/2019
"303,797,078,810",14/08/2019
"294,416,294,908",15/08/2019
"300,586,376,672",16/08/2019
"297,750,726,957",17/08/2019
"287,778,174,483",18/08/2019
"269,195,680,408",19/08/2019
"271,709,584,665",20/08/2019
"269,813,979,101",21/08/2019
"267,820,864,082",22/08/2019
"272,879,787,403",23/08/2019
"285,157,455,203",24/08/2019
"281,800,727,729",25/08/2019
"263,725,442,447",26/08/2019
"268,288,204,694",27/08/2019
"272,552,414,177",28/08/2019
"268,319,194,562",29/08/2019
"264,694,451,249",30/08/2019
"269,863,670,033",31/08/2019
"265,554,673,400",01/09/2019
"253,490,822,747",02/09/2019
"247,044,254,184",03/09/2019
"249,610,275,709",04/09/2019
"250,486,524,573",05/09/2019
"252,270,671,656",06/09/2019
"265,625,617,177",07/09/2019
"272,272,266,642",08/09/2019
"267,350,289,627",09/09/2019
"268,353,767,001",10/09/2019
"262,974,816,684",11/09/2019
"267,566,429,728",12/09/2019
"267,817,482,610",13/09/2019
"266,760,716,431",14/09/2019
"261,787,147,246",15/09/2019
"261,226,105,884",16/09/2019
"266,315,480,303",17/09/2019
"264,161,874,465",18/09/2019
"267,080,788,445",19/09/2019
"266,373,330,579",20/09/2019
"267,316,679,961",21/09/2019
"270,593,825,438",22/09/2019
"272,459,510,489",23/09/2019
"272,605,199,606",24/09/2019
"270,973,944,203",25/09/2019
"266,619,079,180",26/09/2019
"265,341,169,460",27/09/2019
"256,693,642,512",28/09/2019
"223,995,669,508",29/09/2019
"222,097,035,114",30/09/2019
"214,459,500,784",01/10/2019
"217,918,084,702",02/10/2019
"217,220,021,361",03/10/2019
"214,393,477,783",04/10/2019
"219,627,772,476",05/10/2019
"221,576,771,701",06/10/2019
"220,695,526,812",07/10/2019
"218,533,412,537",08/10/2019
"218,320,712,641",09/10/2019
"218,127,793,308",10/10/2019
"211,675,698,761",11/10/2019
"222,209,731,221",12/10/2019
"221,364,082,396",13/10/2019
"231,520,215,780",14/10/2019
"230,485,094,941",15/10/2019
"223,839,340,812",16/10/2019
"224,255,573,965",17/10/2019
"224,125,010,490",18/10/2019
"226,561,133,122",19/10/2019
"221,587,739,549",20/10/2019
"218,205,337,719",21/10/2019
"220,556,174,603",22/10/2019
"218,367,155,897",23/10/2019
"217,047,421,416",24/10/2019
"222,629,643,558",25/10/2019
"223,128,730,066",26/10/2019
"220,504,144,949",27/10/2019
"203,561,340,811",28/10/2019
"205,578,098,814",29/10/2019
"233,018,223,297",30/10/2019
"242,300,233,582",31/10/2019
"252,899,896,025",01/11/2019
"251,600,324,100",02/11/2019
"253,392,633,790",03/11/2019
"247,330,249,850",04/11/2019
"244,792,081,795",05/11/2019
"247,152,387,289",06/11/2019
"249,435,541,308",07/11/2019
"247,490,744,786",08/11/2019
"251,432,244,125",09/11/2019
"252,334,687,630",10/11/2019
"253,771,391,882",11/11/2019
"250,421,553,092",12/11/2019
"240,415,009,910",13/11/2019
"240,770,762,619",14/11/2019
"248,160,281,677",15/11/2019
"239,846,057,656",16/11/2019
"240,708,631,174",17/11/2019
"240,585,099,381",18/11/2019
"237,999,752,600",19/11/2019
"233,785,430,492",20/11/2019
"233,497,048,873",21/11/2019
"235,143,952,608",22/11/2019
"225,906,413,092",23/11/2019
"222,891,330,258",24/11/2019
"221,292,372,451",25/11/2019
"208,487,930,943",26/11/2019
"197,989,161,779",27/11/2019
"200,408,133,535",28/11/2019
"192,454,926,454",29/11/2019
"196,099,333,533",30/11/2019
"195,142,339,233",01/12/2019
"204,275,377,046",02/12/2019
"201,040,841,856",03/12/2019
"208,956,052,149",04/12/2019
"204,457,695,598",05/12/2019
"201,288,642,024",06/12/2019
"199,512,809,633",07/12/2019
"198,710,698,947",08/12/2019
"195,790,472,450",09/12/2019
"200,090,885,155",10/12/2019
"203,096,320,357",11/12/2019
"203,170,886,004",12/12/2019
"204,366,851,462",13/12/2019
"199,426,022,982",14/12/2019
"196,568,082,423",15/12/2019
"195,156,794,887",16/12/2019
"195,497,344,507",17/12/2019
"196,619,865,011",18/12/2019
"192,894,298,149",19/12/2019
"193,815,060,548",20/12/2019
"186,395,796,470",21/12/2019
"176,262,990,057",22/12/2019
"193,187,299,773",23/12/2019
"189,143,197,735",24/12/2019
"190,765,965,630",25/12/2019
"189,243,581,633",26/12/2019
"195,527,427,972",27/12/2019
"191,817,778,605",28/12/2019
"191,283,507,502",29/12/2019
"190,165,050,470",30/12/2019
"189,698,134,505",31/12/2019
"191,346,154,126",01/01/2020
"193,538,454,164",02/01/2020
"196,396,068,091",03/01/2020
"193,266,603,631",04/01/2020
"190,953,141,076",05/01/2020
"191,228,660,432",06/01/2020
"185,646,438,490",07/01/2020
"194,146,901,577",08/01/2020
"195,658,773,360",09/01/2020
"196,194,443,184",10/01/2020
"206,553,226,762",11/01/2020
"211,687,774,431",12/01/2020
"212,011,558,825",13/01/2020
"206,788,561,124",14/01/2020
"213,783,675,994",15/01/2020
"214,823,049,919",16/01/2020
"216,705,520,753",17/01/2020
"215,845,390,478",18/01/2020
"238,809,065,168",19/01/2020
"242,261,597,925",20/01/2020
"238,459,552,934",21/01/2020
"245,851,058,429",22/01/2020
"244,910,261,016",23/01/2020
"236,418,501,817",24/01/2020
"238,761,090,745",25/01/2020
"239,918,335,831",26/01/2020
"238,815,339,548",27/01/2020
"230,853,445,222",28/01/2020
"231,587,154,197",29/01/2020
"229,063,722,642",30/01/2020
"235,402,921,762",31/01/2020
"244,362,081,328",01/02/2020
"250,415,930,609",02/02/2020
"254,698,915,627",03/02/2020
"262,645,607,542",04/02/2020
"257,246,637,994",05/02/2020
"257,968,306,210",06/02/2020
"260,442,109,069",07/02/2020
"258,068,914,578",08/02/2020
"257,072,554,016",09/02/2020
"271,105,685,889",10/02/2020
"274,184,429,654",11/02/2020
"278,067,046,138",12/02/2020
"281,752,144,154",13/02/2020
"287,256,166,814",14/02/2020
"282,330,240,859",15/02/2020
"293,388,924,700",16/02/2020
"302,931,397,619",17/02/2020
"300,431,462,962",18/02/2020
"307,814,324,826",19/02/2020
"292,838,891,186",20/02/2020
"285,182,975,849",21/02/2020
"280,964,519,142",22/02/2020
"296,252,017,568",23/02/2020
"281,558,314,809",24/02/2020
"278,708,711,806",25/02/2020
"279,779,661,826",26/02/2020
"279,941,749,825",27/02/2020
"287,978,771,996",28/02/2020
"278,914,100,548",29/02/2020
"269,647,993,396",01/03/2020
"249,755,551,597",02/03/2020
"250,229,769,436",03/03/2020
"250,238,678,282",04/03/2020
"246,561,594,375",05/03/2020
"243,925,407,827",06/03/2020
"255,783,269,160",07/03/2020
"251,418,135,432",08/03/2020
"250,491,443,684",09/03/2020
"259,539,573,174",10/03/2020
"261,855,398,441",11/03/2020
"256,624,464,293",12/03/2020
"231,720,703,396",13/03/2020
"223,464,470,145",14/03/2020
"226,654,678,232",15/03/2020
"224,549,148,948",16/03/2020
"161,679,237,438",17/03/2020
"159,618,884,015",18/03/2020
"150,921,182,006",19/03/2020
"152,132,005,832",20/03/2020
"142,511,540,167",21/03/2020
"153,446,585,459",22/03/2020
"151,916,407,891",23/03/2020
"178,538,295,737",24/03/2020
"173,369,822,847",25/03/2020
"173,240,549,614",26/03/2020
"164,018,072,702",27/03/2020
"177,597,679,689",28/03/2020
"186,457,188,246",29/03/2020
"183,745,004,897",30/03/2020
"185,002,923,256",31/03/2020
"185,048,957,057",01/04/2020
"173,991,115,299",02/04/2020
"165,730,026,087",03/04/2020
"180,563,844,045",04/04/2020
"179,659,576,734",05/04/2020
"181,884,661,060",06/04/2020
"190,806,024,185",07/04/2020
"190,066,163,776",08/04/2020
"192,774,199,577",09/04/2020
"191,052,604,429",10/04/2020
"207,287,159,794",11/04/2020
"204,355,245,575",12/04/2020
"210,744,406,791",13/04/2020
"209,130,319,757",14/04/2020
"196,246,936,399",15/04/2020
"196,462,657,318",16/04/2020
"197,859,166,321",17/04/2020
"195,858,135,249",18/04/2020
"196,450,735,799",19/04/2020
"190,059,100,478",20/04/2020
"203,825,995,844",21/04/2020
"203,020,405,766",22/04/2020
"211,368,964,297",23/04/2020
"207,805,988,909",24/04/2020
"199,452,561,552",25/04/2020
"197,947,375,328",26/04/2020
"206,799,973,032",27/04/2020
"214,317,886,584",28/04/2020
"216,639,765,049",29/04/2020
"218,769,394,453",30/04/2020
"220,922,701,487",01/05/2020
"222,732,498,765",02/05/2020
"246,624,360,047",03/05/2020
"250,281,148,733",04/05/2020
"252,943,558,621",05/05/2020
"251,156,803,290",06/05/2020
"249,990,100,075",07/05/2020
"251,069,929,629",08/05/2020
"253,996,257,567",09/05/2020
"272,486,441,663",10/05/2020
"269,903,593,458",11/05/2020
"264,472,482,246",12/05/2020
"243,763,633,600",13/05/2020
"238,445,259,151",14/05/2020
"244,726,063,035",15/05/2020
"256,199,021,812",16/05/2020
"263,985,067,614",17/05/2020
"254,638,071,044",18/05/2020
"258,079,880,118",19/05/2020
"264,635,290,711",20/05/2020
"267,617,360,153",21/05/2020
"268,220,257,447",22/05/2020
"263,186,570,732",23/05/2020
"253,245,402,279",24/05/2020
"257,287,338,534",25/05/2020
"257,553,509,095",26/05/2020
"253,347,408,283",27/05/2020
"250,607,952,684",28/05/2020
"249,083,098,696",29/05/2020
"254,833,362,765",30/05/2020
"264,798,829,954",31/05/2020
"264,462,133,368",01/06/2020
"274,990,113,098",02/06/2020
"267,934,591,509",03/06/2020
"275,900,461,578",04/06/2020
"270,171,346,532",05/06/2020
"274,071,453,411",06/06/2020
"279,078,811,909",07/06/2020
"274,696,734,389",08/06/2020
"275,486,712,247",09/06/2020
"277,582,468,642",10/06/2020
"279,050,990,430",11/06/2020
"278,608,727,468",12/06/2020
"281,683,997,656",13/06/2020
"265,538,302,773",14/06/2020
"270,260,419,279",15/06/2020
"270,803,205,229",16/06/2020
"266,516,406,538",17/06/2020
"267,780,835,866",18/06/2020
"270,657,885,971",19/06/2020
"270,248,803,049",20/06/2020
"267,705,425,687",21/06/2020
"266,734,696,536",22/06/2020
"268,426,811,667",23/06/2020
"267,331,059,551",24/06/2020
"277,923,448,174",25/06/2020
"276,674,113,145",26/06/2020
"268,176,503,355",27/06/2020
"267,252,014,001",28/06/2020
"264,863,791,296",29/06/2020
"258,570,750,108",30/06/2020
"261,756,049,844",01/07/2020
"264,635,358,554",02/07/2020
"262,686,257,693",03/07/2020
"266,473,247,884",04/07/2020
"263,012,413,756",05/07/2020
"263,694,855,907",06/07/2020
"265,591,584,391",07/07/2020
"264,528,598,456",08/07/2020
"273,111,804,584",09/07/2020
"273,111,275,679",10/07/2020
"281,932,492,139",11/07/2020
"276,435,331,464",12/07/2020
"275,312,049,707",13/07/2020
"276,582,240,580",14/07/2020
"279,139,616,983",15/07/2020
"277,145,531,894",16/07/2020
"278,502,648,054",17/07/2020
"277,665,137,939",18/07/2020
"274,653,386,853",19/07/2020
"275,913,776,323",20/07/2020
"276,919,089,214",21/07/2020
"278,099,045,624",22/07/2020
"276,162,889,726",23/07/2020
"282,641,262,639",24/07/2020
"288,976,453,941",25/07/2020
"292,829,637,316",26/07/2020
"291,860,459,687",27/07/2020
"300,724,685,795",28/07/2020
"305,761,850,095",29/07/2020
"333,426,008,454",30/07/2020
"328,535,489,100",31/07/2020
"331,165,287,264",01/08/2020
"336,049,933,580",02/08/2020
"340,481,626,023",03/08/2020
"360,121,520,312",04/08/2020
"342,137,369,826",05/08/2020
"347,999,902,701",06/08/2020
"350,380,431,856",07/08/2020
"361,500,073,428",08/08/2020
"363,325,132,918",09/08/2020
"357,896,260,250",10/08/2020
"364,394,302,465",11/08/2020
"364,353,339,781",12/08/2020
"370,066,179,650",13/08/2020
"355,008,862,883",14/08/2020
"363,780,723,147",15/08/2020
"374,420,125,789",16/08/2020
"379,096,077,031",17/08/2020
"381,998,215,107",18/08/2020
"385,586,779,097",19/08/2020
"397,395,061,456",20/08/2020
"386,815,175,231",21/08/2020
"375,422,470,406",22/08/2020
"379,996,317,096",23/08/2020
"368,891,698,764",24/08/2020
"376,757,524,873",25/08/2020
"375,945,568,170",26/08/2020
"382,690,052,477",27/08/2020
"369,501,771,947",28/08/2020
"373,044,328,111",29/08/2020
"364,991,267,757",30/08/2020
"374,353,459,248",31/08/2020
"379,374,055,316",01/09/2020
"387,841,165,619",02/09/2020
"390,236,512,311",03/09/2020
"405,299,401,883",04/09/2020
"385,246,140,824",05/09/2020
"356,471,322,707",06/09/2020
"349,021,703,943",07/09/2020
"322,044,538,709",08/09/2020
"334,373,356,472",09/09/2020
"339,009,268,048",10/09/2020
"329,093,050,385",11/09/2020
"336,301,713,618",12/09/2020
"342,491,335,038",13/09/2020
"345,112,492,900",14/09/2020
"350,115,439,043",15/09/2020
"342,973,031,828",16/09/2020
"352,294,098,830",17/09/2020
"350,972,073,238",18/09/2020
"355,689,234,802",19/09/2020
"356,617,364,225",20/09/2020
"356,828,832,863",21/09/2020
"359,625,558,180",22/09/2020
"353,242,377,557",23/09/2020
"336,094,938,050",24/09/2020
"336,981,333,632",25/09/2020
"326,723,995,516",26/09/2020
"345,088,071,659",27/09/2020
"345,831,398,503",28/09/2020
"347,647,658,201",29/09/2020
"349,679,639,819",30/09/2020
"352,772,967,280",01/10/2020
"349,263,947,414",02/10/2020
"349,697,333,877",03/10/2020
"345,149,054,441",04/10/2020
"341,217,487,598",05/10/2020
"341,073,842,798",06/10/2020
"345,702,591,772",07/10/2020
"347,208,812,614",08/10/2020
"339,010,440,764",09/10/2020
"341,045,841,256",10/10/2020
"349,382,970,036",11/10/2020
"357,026,418,042",12/10/2020
"364,829,575,758",13/10/2020
"364,802,402,756",14/10/2020
"375,041,985,819",15/10/2020
"368,908,370,245",16/10/2020
"365,797,914,467",17/10/2020
"368,118,966,176",18/10/2020
"360,860,017,579",19/10/2020
"360,767,002,395",20/10/2020
"365,162,309,681",21/10/2020
"370,649,994,770",22/10/2020
"370,083,921,214",23/10/2020
"402,864,809,288",24/10/2020
"402,390,835,273",25/10/2020
"398,860,489,557",26/10/2020
"403,364,024,561",27/10/2020
"400,795,970,730",28/10/2020
"398,016,166,764",29/10/2020
"413,616,463,064",30/10/2020
"399,708,756,957",31/10/2020
"400,448,375,668",01/11/2020
"402,336,884,630",02/11/2020
"409,133,734,937",03/11/2020
"406,377,137,126",04/11/2020
"400,671,977,093",05/11/2020
"405,365,316,988",06/11/2020
"412,382,098,510",07/11/2020
"444,494,581,536",08/11/2020
"455,233,922,907",09/11/2020
"435,415,427,318",10/11/2020
"453,718,906,649",11/11/2020
"445,460,788,297",12/11/2020
"452,120,821,046",13/11/2020
"461,347,319,899",14/11/2020
"467,907,097,942",15/11/2020
"475,316,009,612",16/11/2020
"466,998,461,327",17/11/2020
"461,781,374,250",18/11/2020
"482,018,871,612",19/11/2020
"503,786,293,359",20/11/2020
"507,194,097,673",21/11/2020
"508,837,879,359",22/11/2020
"530,379,230,541",23/11/2020
"545,199,695,107",24/11/2020
"553,258,802,559",25/11/2020
"562,118,575,078",26/11/2020
"582,616,039,113",27/11/2020
"567,852,266,790",28/11/2020
"517,650,155,711",29/11/2020
"514,478,063,942",30/11/2020
"540,349,578,933",01/12/2020
"550,667,074,493",02/12/2020
"586,464,152,493",03/12/2020
"571,262,805,402",04/12/2020
"578,267,186,112",05/12/2020
"588,055,134,881",06/12/2020
"559,637,821,804",07/12/2020
"572,433,079,436",08/12/2020
"576,168,944,146",09/12/2020
"575,298,793,547",10/12/2020
"555,440,137,814",11/12/2020
"558,623,555,672",12/12/2020
"550,416,706,899",13/12/2020
"543,678,991,548",14/12/2020
"561,491,044,298",15/12/2020
"569,009,659,389",16/12/2020
"572,618,616,362",17/12/2020
"576,122,664,839",18/12/2020
"624,396,299,479",19/12/2020
"662,073,001,562",20/12/2020
"663,295,496,603",21/12/2020
"684,659,282,146",22/12/2020
"671,301,785,279",23/12/2020
"657,519,242,980",24/12/2020
"663,912,062,596",25/12/2020
"637,037,486,976",26/12/2020
"655,745,220,363",27/12/2020
"675,069,583,425",28/12/2020
"708,912,570,131",29/12/2020
"719,665,867,019",30/12/2020
"734,795,695,089",31/12/2020
"735,435,331,232",01/01/2021
"769,138,738,557",02/01/2021
"779,153,128,728",03/01/2021
"782,289,612,050",04/01/2021
"846,122,446,202",05/01/2021
"897,346,952,214",06/01/2021
"863,623,734,711",07/01/2021
"942,965,612,751",08/01/2021
"997,548,119,793",09/01/2021
"1,078,965,286,396",10/01/2021
"1,087,842,095,276",11/01/2021
"1,107,293,060,875",12/01/2021
"1,067,249,992,279",13/01/2021
"943,047,477,451",14/01/2021
"929,704,978,913",15/01/2021
"1,017,815,504,814",16/01/2021
"1,062,693,207,134",17/01/2021
"1,020,148,189,444",18/01/2021
"1,024,956,948,800",19/01/2021
"1,032,631,870,278",20/01/2021
"1,039,184,878,990",21/01/2021
"1,065,853,010,756",22/01/2021
"1,023,862,476,619",23/01/2021
"903,398,019,767",24/01/2021
"963,269,986,593",25/01/2021
"951,430,282,349",26/01/2021
"973,645,827,702",27/01/2021
"972,215,143,696",28/01/2021
"975,910,276,707",29/01/2021
"920,324,459,856",30/01/2021
"1,001,193,564,932",31/01/2021
"1,027,704,999,854",01/02/2021
"1,039,026,224,438",02/02/2021
"1,002,032,687,049",03/02/2021
"1,020,839,531,283",04/02/2021
"1,093,494,924,251",05/02/2021
"1,147,848,372,454",06/02/2021
"1,152,496,535,689",07/02/2021
"1,194,674,150,294",08/02/2021
"1,235,953,508,262",09/02/2021
"1,198,958,224,572",10/02/2021
"1,350,412,790,970",11/02/2021
"1,415,908,226,009",12/02/2021
"1,398,995,651,353",13/02/2021
"1,467,291,872,566",14/02/2021
"1,503,128,420,897",15/02/2021
"1,494,961,459,623",16/02/2021
"1,529,211,456,292",17/02/2021
"1,504,808,352,774",18/02/2021
"1,517,277,422,139",19/02/2021
"1,600,247,416,476",20/02/2021
"1,624,318,000,576",21/02/2021
"1,732,941,954,055",22/02/2021
"1,698,966,489,524",23/02/2021
"1,776,720,793,121",24/02/2021
"1,684,462,018,575",25/02/2021
"1,496,992,346,551",26/02/2021
"1,523,102,744,833",27/02/2021
"1,502,106,145,835",28/02/2021
"1,426,209,771,414",01/03/2021
"1,466,010,048,381",02/03/2021
"1,416,739,010,990",03/03/2021
"1,537,817,853,973",04/03/2021
"1,497,201,682,453",05/03/2021
"1,586,816,376,780",06/03/2021
"1,521,250,916,399",07/03/2021
"1,543,595,710,685",08/03/2021
"1,559,359,542,926",09/03/2021
"1,600,837,730,812",10/03/2021
"1,635,620,105,563",11/03/2021
"1,744,828,154,566",12/03/2021
"1,777,829,437,918",13/03/2021
"1,794,024,716,124",14/03/2021
"1,764,790,789,627",15/03/2021
"1,879,099,679,529",16/03/2021
"1,855,883,971,975",17/03/2021
"1,757,206,829,440",18/03/2021
"1,776,342,476,239",19/03/2021
"1,836,457,740,421",20/03/2021
"1,820,757,401,261",21/03/2021
"1,855,143,714,148",22/03/2021
"1,862,933,174,081",23/03/2021
"1,837,344,013,569",24/03/2021
"1,741,793,977,447",25/03/2021
"1,743,920,327,729",26/03/2021
"1,663,995,814,917",27/03/2021
"1,649,546,650,979",28/03/2021
"1,749,157,705,688",29/03/2021
"1,803,044,501,007",30/03/2021
"1,781,159,648,931",31/03/2021
"1,858,285,971,311",01/04/2021
"1,893,380,673,874",02/04/2021
"1,908,268,047,934",03/04/2021
"1,937,946,519,660",04/04/2021
"1,966,863,473,934",05/04/2021
"1,928,112,436,615",06/04/2021
"1,970,878,096,607",07/04/2021
"2,029,120,607,613",08/04/2021
"2,023,890,915,585",09/04/2021
"1,951,612,402,572",10/04/2021
"2,017,162,404,919",11/04/2021
"2,031,572,279,060",12/04/2021
"2,082,830,354,982",13/04/2021
"2,124,270,110,478",14/04/2021
"2,136,985,292,618",15/04/2021
"2,243,941,863,201",16/04/2021
"2,283,285,396,737",17/04/2021
"2,337,371,297,390",18/04/2021
"2,315,540,262,000",19/04/2021
"2,286,364,485,172",20/04/2021
"2,132,919,388,426",21/04/2021
"2,108,822,806,607",22/04/2021
"2,131,691,634,628",23/04/2021
"2,071,643,982,213",24/04/2021
"1,992,641,850,594",25/04/2021
"1,934,276,443,545",26/04/2021
"1,917,901,084,601",27/04/2021
"1,868,661,274,310",28/04/2021
"2,069,778,068,180",29/04/2021
"2,155,079,665,895",30/04/2021
"2,150,384,546,482",01/05/2021
"2,145,849,046,827",02/05/2021
"2,255,462,586,535",03/05/2021
"2,318,486,645,203",04/05/2021
"2,285,834,084,028",05/05/2021
"2,394,317,506,447",06/05/2021
"2,282,559,985,864",07/05/2021
"2,458,179,344,567",08/05/2021
"2,470,833,626,103",09/05/2021
"2,458,657,330,190",10/05/2021
"2,528,626,282,079",11/05/2021
"2,422,615,110,586",12/05/2021
"2,269,338,984,149",13/05/2021
"2,391,638,963,079",14/05/2021
"2,300,909,008,775",15/05/2021
"2,206,104,578,582",16/05/2021
"2,054,780,145,612",17/05/2021
"2,137,154,930,909",18/05/2021
"1,756,900,910,117",19/05/2021
"1,850,180,529,796",20/05/2021
"1,637,083,424,644",21/05/2021
"1,618,830,324,240",22/05/2021
"1,436,605,210,903",23/05/2021
"1,682,281,032,716",24/05/2021
"1,719,356,103,636",25/05/2021
"1,780,224,724,115",26/05/2021
"1,756,078,610,531",27/05/2021
"1,576,827,185,319",28/05/2021
"1,523,041,077,411",29/05/2021
"1,601,435,714,456",30/05/2021
"1,689,709,245,405",31/05/2021
"1,677,408,573,837",01/06/2021
"1,741,129,836,547",02/06/2021
"1,818,683,830,185",03/06/2021
"1,735,799,661,549",04/06/2021
"1,646,272,417,483",05/06/2021
"1,676,877,562,513",06/06/2021
"1,615,428,449,884",07/06/2021
"1,578,266,867,564",08/06/2021
"1,684,000,091,189",09/06/2021
"1,633,689,048,730",10/06/2021
"1,611,049,257,626",11/06/2021
"1,574,344,463,341",12/06/2021
"1,681,743,639,110",13/06/2021
"1,723,820,733,764",14/06/2021
"1,718,150,143,093",15/06/2021
"1,649,289,706,991",16/06/2021
"1,622,879,775,232",17/06/2021
"1,533,831,765,994",18/06/2021
"1,538,114,311,955",19/06/2021
"1,550,573,259,401",20/06/2021
"1,324,251,414,331",21/06/2021
"1,320,660,809,220",22/06/2021
"1,386,568,762,648",23/06/2021
"1,437,922,633,593",24/06/2021
"1,319,743,435,236",25/06/2021
"1,322,263,243,140",26/06/2021
"1,414,749,604,644",27/06/2021
"1,440,002,179,469",28/06/2021
"1,509,151,994,715",29/06/2021
"1,490,498,898,858",30/06/2021
"1,437,803,463,226",01/07/2021
"1,438,175,232,296",02/07/2021
"1,472,947,245,233",03/07/2021
"1,527,092,276,711",04/07/2021
"1,476,377,782,099",05/07/2021
"1,491,551,543,767",06/07/2021
"1,505,268,389,742",07/07/2021
"1,410,147,205,393",08/07/2021
"1,464,551,782,084",09/07/2021
"1,441,721,068,550",10/07/2021
"1,472,010,735,045",11/07/2021
"1,418,809,413,481",12/07/2021
"1,379,670,998,704",13/07/2021
"1,405,651,923,394",14/07/2021
"1,358,679,668,175",15/07/2021
"1,329,806,280,628",16/07/2021
"1,334,275,007,988",17/07/2021
"1,332,955,591,652",18/07/2021
"1,294,374,702,903",19/07/2021
"1,240,410,135,587",20/07/2021
"1,348,124,043,554",21/07/2021
"1,364,493,889,486",22/07/2021
"1,407,481,729,135",23/07/2021
"1,439,357,704,771",24/07/2021
"1,451,552,721,875",25/07/2021
"1,526,446,016,034",26/07/2021
"1,583,581,290,948",27/07/2021
"1,596,767,351,650",28/07/2021
"1,611,292,650,188",29/07/2021
"1,668,695,915,085",30/07/2021
"1,703,848,444,566",31/07/2021
"1,675,664,683,033",01/08/2021
"1,666,176,074,351",02/08/2021
"1,625,962,872,216",03/08/2021
"1,694,885,888,294",04/08/2021
"1,737,147,149,966",05/08/2021
"1,791,128,184,897",06/08/2021
"1,869,445,500,512",07/08/2021
"1,858,805,381,701",08/08/2021
"1,920,071,825,724",09/08/2021
"1,931,280,561,928",10/08/2021
"1,966,629,167,461",11/08/2021
"1,890,948,437,562",12/08/2021
"2,052,195,287,114",13/08/2021
"2,054,891,805,002",14/08/2021
"2,087,266,615,138",15/08/2021
"2,044,645,190,727",16/08/2021
"1,980,108,335,644",17/08/2021
"1,985,979,315,587",18/08/2021
"2,024,145,472,402",19/08/2021
"2,166,138,054,486",20/08/2021
"2,172,555,037,191",21/08/2021
"2,164,087,987,188",22/08/2021
"2,223,757,980,785",23/08/2021
"2,149,510,132,254",24/08/2021
"2,164,485,215,079",25/08/2021
"2,094,168,402,465",26/08/2021
"2,185,659,297,304",27/08/2021
"2,172,193,350,203",28/08/2021
"2,184,471,924,930",29/08/2021
"2,158,219,379,889",30/08/2021
"2,160,550,011,183",31/08/2021
"2,270,059,562,510",01/09/2021
"2,321,240,193,086",02/09/2021
"2,338,213,410,864",03/09/2021
"2,356,803,384,514",04/09/2021
"2,428,609,300,158",05/09/2021
"2,466,486,831,246",06/09/2021
"2,167,860,206,667",07/09/2021
"2,212,841,969,895",08/09/2021
"2,208,579,349,778",09/09/2021
"2,091,112,706,434",10/09/2021
"2,153,358,086,928",11/09/2021
"2,192,611,982,449",12/09/2021
"2,138,289,228,367",13/09/2021
"2,210,601,706,077",14/09/2021
"2,279,672,913,844",15/09/2021
"2,247,997,052,451",16/09/2021
"2,201,477,484,010",17/09/2021
"2,232,706,438,535",18/09/2021
"2,172,514,259,886",19/09/2021
"1,991,112,506,846",20/09/2021
"1,863,950,697,292",21/09/2021
"2,040,646,493,221",22/09/2021
"2,095,636,598,731",23/09/2021
"2,013,103,027,014",24/09/2021
"1,987,502,461,504",25/09/2021
"2,010,476,402,479",26/09/2021
"1,993,601,715,960",27/09/2021
"1,920,913,399,452",28/09/2021
"1,919,029,398,112",29/09/2021
"2,008,609,136,708",30/09/2021
"2,178,326,656,466",01/10/2021
"2,228,069,386,843",02/10/2021
"2,219,603,807,203",03/10/2021
"2,225,752,957,878",04/10/2021
"2,313,965,159,214",05/10/2021
"2,396,819,956,825",06/10/2021
"2,377,065,193,336",07/10/2021
"2,385,324,993,101",08/10/2021
"2,415,026,834,483",09/10/2021
"2,362,364,826,528",10/10/2021
"2,423,663,842,486",11/10/2021
"2,408,162,610,870",12/10/2021
"2,464,354,725,917",13/10/2021
"2,498,250,377,784",14/10/2021
"2,590,786,023,232",15/10/2021
"2,588,195,851,536",16/10/2021
"2,571,159,562,167",17/10/2021
"2,575,219,728,933",18/10/2021
"2,628,592,462,808",19/10/2021
"2,757,324,324,971",20/10/2021
"2,655,835,253,111",21/10/2021
"2,637,822,880,865",22/10/2021
"2,661,747,127,528",23/10/2021
"2,649,858,130,172",24/10/2021
"2,754,412,652,596",25/10/2021
"2,675,512,556,104",26/10/2021
"2,580,764,282,880",27/10/2021
"2,697,125,171,381",28/10/2021
"2,790,364,359,592",29/10/2021
"2,733,925,522,577",30/10/2021
"2,752,227,472,657",31/10/2021
"2,772,965,857,475",01/11/2021
"2,851,496,584,516",02/11/2021
"2,878,783,465,646",03/11/2021
"2,830,797,344,114",04/11/2021
"2,842,401,037,120",05/11/2021
"2,862,807,737,351",06/11/2021
"2,926,788,192,458",07/11/2021
"3,040,815,113,277",08/11/2021
"3,057,639,148,576",09/11/2021
"2,953,242,057,715",10/11/2021
"2,996,022,050,685",11/11/2021
"2,942,356,165,115",12/11/2021
"2,970,901,392,264",13/11/2021
"2,968,638,665,183",14/11/2021
"2,939,390,646,984",15/11/2021
"2,781,768,587,196",16/11/2021
"2,756,219,955,368",17/11/2021
"2,591,384,192,984",18/11/2021
"2,724,030,910,878",19/11/2021
"2,802,897,963,230",20/11/2021
"2,783,091,419,512",21/11/2021
"2,675,984,959,163",22/11/2021
"2,734,922,482,471",23/11/2021
"2,693,783,615,031",24/11/2021
"2,803,822,277,428",25/11/2021
"2,587,471,597,335",26/11/2021
"2,622,624,325,051",27/11/2021
"2,662,620,915,470",28/11/2021
"2,760,289,296,678",29/11/2021
"2,776,581,054,980",30/11/2021
"2,757,256,821,411",01/12/2021
"2,759,882,239,662",02/12/2021
"2,601,859,534,215",03/12/2021
"2,429,440,431,295",04/12/2021
"2,395,067,341,774",05/12/2021
"2,495,897,620,756",06/12/2021
"2,467,915,303,721",07/12/2021
"2,502,792,800,641",08/12/2021
"2,379,082,440,359",09/12/2021
"2,331,772,499,218",10/12/2021
"2,376,706,815,564",11/12/2021
"2,432,175,622,366",12/12/2021
"2,257,494,361,980",13/12/2021
"2,299,915,906,811",14/12/2021
"2,367,678,696,106",15/12/2021
"2,348,788,134,481",16/12/2021
"2,286,131,053,857",17/12/2021
"2,324,908,970,385",18/12/2021
"2,336,427,994,970",19/12/2021
"2,309,360,227,219",20/12/2021
"2,403,462,176,577",21/12/2021
"2,420,767,288,881",22/12/2021
"2,511,046,953,880",23/12/2021
"2,488,929,481,643",24/12/2021
"2,504,634,904,445",25/12/2021
"2,529,264,356,491",26/12/2021
"2,528,322,906,408",27/12/2021
"2,369,133,977,258",28/12/2021
"2,344,019,904,627",29/12/2021
"2,327,937,650,627",30/12/2021
"2,313,623,310,734",31/12/2021
"2,372,686,585,097",01/01/2022
"2,386,268,600,929",02/01/2022
"2,346,028,595,252",03/01/2022
"2,373,419,252,935",04/01/2022
"2,182,889,112,614",05/01/2022
"2,193,713,470,282",06/01/2022
"2,078,624,258,480",07/01/2022
"2,075,006,650,633",08/01/2022
"2,095,098,946,765",09/01/2022
"2,038,192,886,565",10/01/2022
"2,120,441,415,419",11/01/2022
"2,209,832,569,484",12/01/2022
"2,147,542,303,122",13/01/2022
"2,194,583,541,825",14/01/2022
"2,197,053,913,909",15/01/2022
"2,205,385,897,917",16/01/2022
"2,138,645,223,160",17/01/2022
"2,129,865,008,956",18/01/2022
"2,093,476,038,178",19/01/2022
"2,042,243,626,932",20/01/2022
"1,750,872,166,286",21/01/2022
"1,683,136,243,878",22/01/2022
"1,720,782,530,455",23/01/2022
"1,726,472,774,234",24/01/2022
"1,747,112,737,215",25/01/2022
"1,760,695,699,601",26/01/2022
"1,741,531,811,988",27/01/2022
"1,783,267,585,940",28/01/2022
"1,815,928,831,333",29/01/2022
"1,789,230,045,911",30/01/2022
"1,830,763,617,949",31/01/2022
"1,861,570,913,228",01/02/2022
"1,797,493,578,784",02/02/2022
"1,785,897,600,822",03/02/2022
"1,939,620,584,855",04/02/2022
"1,988,459,530,645",05/02/2022
"1,997,608,472,878",06/02/2022
"2,111,831,642,143",07/02/2022
"2,086,094,268,691",08/02/2022
"2,138,075,866,309",09/02/2022
"2,082,689,985,159",10/02/2022
"1,969,042,052,183",11/02/2022
"1,982,519,575,141",12/02/2022
"1,978,210,090,993",13/02/2022
"1,989,414,763,792",14/02/2022
"2,079,740,255,648",15/02/2022
"2,083,824,569,861",16/02/2022
"1,940,894,744,517",17/02/2022
"1,897,756,853,369",18/02/2022
"1,896,358,818,612",19/02/2022
"1,834,867,519,618",20/02/2022
"1,786,193,782,504",21/02/2022
"1,786,635,998,363",22/02/2022
"1,791,748,637,848",23/02/2022
"1,770,553,199,181",24/02/2022
"1,859,305,350,310",25/02/2022
"1,868,516,653,755",26/02/2022
"1,793,607,325,476",27/02/2022
"1,993,801,319,068",28/02/2022
"2,025,525,148,900",01/03/2022
"2,023,819,718,257",02/03/2022
"1,960,083,522,429",03/03/2022
"1,826,926,864,408",04/03/2022
"1,857,212,069,926",05/03/2022
"1,827,597,406,345",06/03/2022
"1,777,387,676,027",07/03/2022
"1,800,355,491,152",08/03/2022
"1,914,707,798,375",09/03/2022
"1,838,231,588,480",10/03/2022
"1,820,328,977,644",11/03/2022
"1,827,055,187,024",12/03/2022
"1,778,956,262,205",13/03/2022
"1,829,911,999,867",14/03/2022
"1,832,239,371,410",15/03/2022
"1,892,888,536,140",16/03/2022
"1,914,501,014,966",17/03/2022
"1,956,925,357,006",18/03/2022
"1,974,222,846,025",19/03/2022
"1,947,119,542,495",20/03/2022
"1,955,104,242,862",21/03/2022
"2,008,048,790,136",22/03/2022
"2,021,382,596,312",23/03/2022
"2,079,364,403,607",24/03/2022
"2,076,364,513,963",25/03/2022
"2,091,493,438,531",26/03/2022
"2,177,389,858,412",27/03/2022
"2,240,880,169,006",28/03/2022
"2,231,753,287,522",29/03/2022
"2,243,433,960,381",30/03/2022
"2,179,046,269,051",31/03/2022
"2,246,222,972,727",01/04/2022
"2,250,841,134,145",02/04/2022
"2,283,557,029,575",03/04/2022
"2,267,941,779,965",04/04/2022
"2,231,894,451,023",05/04/2022
"2,096,320,323,625",06/04/2022
"2,115,286,256,527",07/04/2022
"2,062,371,006,170",08/04/2022
"2,072,728,177,462",09/04/2022
"2,056,611,563,249",10/04/2022
"1,934,184,857,496",11/04/2022
"1,946,016,611,662",12/04/2022
"2,010,433,136,766",13/04/2022
"1,952,269,091,644",14/04/2022
"1,977,674,073,651",15/04/2022
"1,982,175,491,334",16/04/2022
"1,966,651,577,006",17/04/2022
"1,984,342,152,492",18/04/2022
"2,018,896,133,002",19/04/2022
"2,025,507,519,833",20/04/2022
"1,972,022,506,885",21/04/2022
"1,951,003,143,485",22/04/2022
"1,953,754,905,767",23/04/2022
"1,933,826,603,803",24/04/2022
"1,964,509,978,501",25/04/2022
"1,864,541,078,872",26/04/2022
"1,890,643,583,452",27/04/2022
"1,914,195,517,041",28/04/2022
"1,850,024,112,091",29/04/2022
"1,820,846,108,415",30/04/2022
"1,820,472,317,882",01/05/2022
"1,833,522,342,107",02/05/2022
"1,803,460,265,155",03/05/2022
"1,896,207,291,518",04/05/2022
"1,759,818,898,066",05/05/2022
"1,750,213,791,293",06/05/2022
"1,693,662,701,334",07/05/2022
"1,664,493,751,041",08/05/2022
"1,471,468,708,711",09/05/2022
"1,470,101,050,567",10/05/2022
"1,311,349,505,967",11/05/2022
"1,266,729,958,052",12/05/2022
"1,343,192,869,783",13/05/2022
"1,346,866,069,007",14/05/2022
"1,396,953,386,104",15/05/2022
"1,345,062,078,565",16/05/2022
"1,367,795,897,904",17/05/2022
"1,298,676,422,354",18/05/2022
"1,337,790,085,197",19/05/2022
"1,305,526,848,518",20/05/2022
"1,317,772,058,614",21/05/2022
"1,355,013,285,653",22/05/2022
"1,316,654,993,540",23/05/2022
"1,328,116,918,033",24/05/2022
"1,326,193,762,006",25/05/2022
"1,284,577,969,466",26/05/2022
"1,251,114,316,153",27/05/2022
"1,263,766,339,725",28/05/2022
"1,282,337,955,561",29/05/2022
"1,373,302,422,618",30/05/2022
"1,372,793,272,407",31/05/2022
"1,289,712,465,100",01/06/2022
"1,315,059,923,087",02/06/2022
"1,281,461,493,012",03/06/2022
"1,287,546,965,105",04/06/2022
"1,295,773,028,892",05/06/2022
"1,333,096,355,551",06/06/2022
"1,325,362,240,158",07/06/2022
"1,299,193,916,223",08/06/2022
"1,289,297,419,357",09/06/2022
"1,245,918,429,786",10/06/2022
"1,201,805,657,792",11/06/2022
"1,140,773,108,346",12/06/2022
"985,954,782,906",13/06/2022
"962,395,012,905",14/06/2022
"1,004,483,318,216",15/06/2022
"925,578,929,017",16/06/2022
"931,222,620,007",17/06/2022
"876,902,992,873",18/06/2022
"947,775,664,811",19/06/2022
"938,571,131,920",20/06/2022
"959,859,519,514",21/06/2022
"929,535,423,684",22/06/2022
"967,450,296,640",23/06/2022
"1,002,102,197,594",24/06/2022
"1,005,855,621,706",25/06/2022
"989,471,875,648",26/06/2022
"980,817,620,806",27/06/2022
"950,217,979,143",28/06/2022
"940,159,446,923",29/06/2022
"896,075,725,009",30/06/2022
"907,142,083,927",01/07/2022
"911,492,110,492",02/07/2022
"910,696,247,515",03/07/2022
"946,248,082,791",04/07/2022
"950,116,842,685",05/07/2022
"961,794,479,483",06/07/2022
"994,517,535,485",07/07/2022
"999,117,541,591",08/07/2022
"997,397,409,495",09/07/2022
"968,986,982,098",10/07/2022
"927,057,860,738",11/07/2022
"904,550,751,440",12/07/2022
"923,454,139,765",13/07/2022
"964,592,766,793",14/07/2022
"981,073,413,878",15/07/2022
"1,007,706,185,009",16/07/2022
"1,000,447,410,599",17/07/2022
"1,043,641,954,944",18/07/2022
"1,106,872,906,079",19/07/2022
"1,089,770,040,922",20/07/2022
"1,092,291,081,316",21/07/2022
"1,078,310,985,235",22/07/2022
"1,064,358,891,865",23/07/2022
"1,094,425,154,250",24/07/2022
"1,032,239,169,427",25/07/2022
"1,010,841,551,592",26/07/2022
"1,086,564,407,331",27/07/2022
"1,138,878,693,442",28/07/2022
"1,157,749,100,924",29/07/2022
"1,142,013,432,452",30/07/2022
"1,127,944,767,482",31/07/2022
"1,113,641,234,205",01/08/2022
"1,117,017,355,539",02/08/2022
"1,106,683,089,911",03/08/2022
"1,104,074,416,915",04/08/2022
"1,141,055,829,975",05/08/2022
"1,143,337,845,052",06/08/2022
"1,150,482,552,037",07/08/2022
"1,173,392,773,940",08/08/2022
"1,142,485,074,173",09/08/2022
"1,191,308,013,599",10/08/2022
"1,190,783,139,051",11/08/2022
"1,205,040,371,567",12/08/2022
"1,225,668,989,333",13/08/2022
"1,214,392,736,558",14/08/2022
"1,196,352,599,410",15/08/2022
"1,189,137,375,943",16/08/2022
"1,164,416,975,074",17/08/2022
"1,167,368,417,177",18/08/2022
"1,057,076,210,605",19/08/2022
"1,050,293,442,340",20/08/2022
"1,069,121,070,775",21/08/2022
"1,051,429,669,518",22/08/2022
"1,075,841,417,349",23/08/2022
"1,078,604,711,383",24/08/2022
"1,089,290,178,960",25/08/2022
"1,035,906,880,829",26/08/2022
"1,002,180,465,731",27/08/2022
"1,003,038,149,771",28/08/2022
"1,024,753,772,325",29/08/2022
"1,015,851,951,835",30/08/2022
"1,023,965,720,043",31/08/2022
"1,026,948,532,462",01/09/2022
"1,020,573,065,306",02/09/2022
"1,017,604,463,232",03/09/2022
"1,022,439,662,836",04/09/2022
"1,024,963,216,305",05/09/2022
"998,844,520,494",06/09/2022
"1,023,159,771,115",07/09/2022
"1,026,621,279,057",08/09/2022
"1,091,005,887,987",09/09/2022
"1,109,744,079,500",10/09/2022
"1,105,617,162,638",11/09/2022
"1,109,955,082,748",12/09/2022
"1,030,174,733,553",13/09/2022
"1,042,863,183,498",14/09/2022
"1,003,006,371,414",15/09/2022
"999,808,375,769",16/09/2022
"1,020,812,341,234",17/09/2022
"971,701,271,012",18/09/2022
"985,335,571,073",19/09/2022
"960,641,212,858",20/09/2022
"934,902,091,421",21/09/2022
"984,624,280,881",22/09/2022
"984,860,362,779",23/09/2022
"971,979,925,421",24/09/2022
"966,060,049,526",25/09/2022
"974,330,707,169",26/09/2022
"971,985,409,100",27/09/2022
"981,640,781,111",28/09/2022
"980,484,635,943",29/09/2022
"977,488,232,320",30/09/2022
"974,279,884,712",01/10/2022
"967,764,206,908",02/10/2022
"979,068,177,535",03/10/2022
"1,007,277,784,498",04/10/2022
"1,004,438,388,770",05/10/2022
"995,931,867,215",06/10/2022
"986,980,472,097",07/10/2022
"977,225,919,410",08/10/2022
"982,163,489,476",09/10/2022
"965,342,000,200",10/10/2022
"957,951,523,381",11/10/2022
"961,446,453,236",12/10/2022
"966,198,804,548",13/10/2022
"957,153,356,797",14/10/2022
"953,612,812,179",15/10/2022
"966,170,080,136",16/10/2022
"975,013,526,745",17/10/2022
"966,701,905,351",18/10/2022
"953,967,106,823",19/10/2022
"947,944,307,773",20/10/2022
"956,478,593,428",21/10/2022
"961,125,105,330",22/10/2022
"982,145,787,325",23/10/2022
"969,639,728,521",24/10/2022
"1,007,156,577,192",25/10/2022
"1,044,529,385,215",26/10/2022
"1,023,800,747,075",27/10/2022
"1,045,674,520,135",28/10/2022
"1,063,561,258,370",29/10/2022
"1,054,966,579,853",30/10/2022
"1,055,425,638,443",31/10/2022
"1,055,787,862,481",01/11/2022
"1,032,287,640,344",02/11/2022
"1,047,862,839,166",03/11/2022
"1,102,713,037,120",04/11/2022
"1,106,608,739,635",05/11/2022
"1,089,194,187,899",06/11/2022
"1,062,025,175,260",07/11/2022
"953,295,323,479",08/11/2022
"832,612,341,632",09/11/2022
"936,134,885,416",10/11/2022
"894,773,586,104",11/11/2022
"885,022,149,517",12/11/2022
"862,644,227,464",13/11/2022
"864,641,446,499",14/11/2022
"882,284,881,402",15/11/2022
"864,836,295,516",16/11/2022
"867,571,064,211",17/11/2022
"868,370,495,404",18/11/2022
"872,599,898,599",19/11/2022
"842,874,686,874",20/11/2022
"820,145,767,363",21/11/2022
"839,998,486,558",22/11/2022
"863,929,051,639",23/11/2022
"871,732,151,398",24/11/2022
"869,989,538,656",25/11/2022
"868,457,605,710",26/11/2022
"881,051,258,439",27/11/2022
"855,329,813,419",28/11/2022
"871,316,240,878",29/11/2022
"905,102,166,670",30/11/2022
"894,916,563,332",01/12/2022
"897,817,245,402",02/12/2022
"883,530,707,523",03/12/2022
"895,630,208,829",04/12/2022
"888,101,550,252",05/12/2022
"887,088,677,321",06/12/2022
"876,657,877,385",07/12/2022
"894,419,372,781",08/12/2022
"889,379,162,742",09/12/2022
"891,142,308,102",10/12/2022
"886,627,192,868",11/12/2022
"885,933,566,679",12/12/2022
"907,061,386,105",13/12/2022
"903,365,652,058",14/12/2022
"881,551,989,233",15/12/2022
"841,376,067,508",16/12/2022
"841,182,120,367",17/12/2022
"845,746,135,439",18/12/2022
"822,907,957,030",19/12/2022
"848,088,403,027",20/12/2022
"842,235,006,020",21/12/2022
"843,439,220,117",22/12/2022
"844,213,380,581",23/12/2022
"845,161,169,746",24/12/2022
"842,727,877,785",25/12/2022
"845,313,480,084",26/12/2022
"840,476,681,695",27/12/2022
"826,512,126,589",28/12/2022
"829,620,422,084",29/12/2022
"827,999,878,318",30/12/2022
"828,014,904,100",31/12/2022
"831,768,616,255",01/01/2023
"840,731,773,289",02/01/2023
"838,739,016,021",03/01/2023
"853,716,213,848",04/01/2023
"851,805,015,896",05/01/2023
"858,006,369,923",06/01/2023
"857,980,744,721",07/01/2023
"865,347,226,442",08/01/2023
"884,131,100,636",09/01/2023
"893,920,117,252",10/01/2023
"900,847,335,625",11/01/2023
"945,624,104,261",12/01/2023
"978,157,160,514",13/01/2023
"1,022,288,908,247",14/01/2023
"1,020,783,635,416",15/01/2023
"1,033,374,207,617",16/01/2023
"1,033,826,123,549",17/01/2023
"1,000,064,381,794",18/01/2023
"1,012,266,883,757",19/01/2023
"1,073,695,378,657",20/01/2023
"1,085,208,335,634",21/01/2023
"1,074,449,477,696",22/01/2023
"1,085,047,092,265",23/01/2023
"1,066,381,305,070",24/01/2023
"1,072,367,458,996",25/01/2023
"1,084,904,346,591",26/01/2023
"1,088,335,742,493",27/01/2023
"1,083,757,987,850",28/01/2023
"1,118,130,426,488",29/01/2023
"1,068,174,556,813",30/01/2023
"1,085,500,048,426",31/01/2023
"1,116,529,897,567",01/02/2023
"1,120,691,750,471",02/02/2023
"1,122,138,089,623",03/02/2023
"1,129,302,127,947",04/02/2023
"1,107,038,571,872",05/02/2023
"1,104,658,889,801",06/02/2023
"1,132,931,249,622",07/02/2023
"1,123,035,726,404",08/02/2023
"1,062,604,224,828",09/02/2023
"1,051,188,765,871",10/02/2023
"1,067,617,221,477",11/02/2023
"1,064,534,252,161",12/02/2023
"1,045,528,433,272",13/02/2023
"1,076,779,136,966",14/02/2023
"1,145,217,696,835",15/02/2023
"1,136,396,976,294",16/02/2023
"1,167,589,965,529",17/02/2023
"1,169,944,227,903",18/02/2023
"1,167,345,538,658",19/02/2023
"1,178,251,876,460",20/02/2023
"1,157,388,343,465",21/02/2023
"1,146,894,028,123",22/02/2023
"1,141,494,381,772",23/02/2023
"1,108,566,415,640",24/02/2023
"1,104,222,905,510",25/02/2023
"1,126,662,736,649",26/02/2023
"1,126,027,218,908",27/02/2023
"1,108,216,494,853",28/02/2023
"1,127,749,542,727",01/03/2023
"1,123,291,389,902",02/03/2023
"1,075,245,027,509",03/03/2023
"1,070,410,151,717",04/03/2023
"1,076,005,773,739",05/03/2023
"1,073,916,575,298",06/03/2023
"1,058,312,065,384",07/03/2023
"1,048,382,679,432",08/03/2023
"979,251,049,735",09/03/2023
"972,983,196,093",10/03/2023
"975,508,326,853",11/03/2023
"1,037,770,745,095",12/03/2023
"1,118,253,482,590",13/03/2023
"1,135,589,384,438",14/03/2023
"1,110,275,448,686",15/03/2023
"1,132,027,730,538",16/03/2023
"1,213,781,263,213",17/03/2023
"1,196,390,506,500",18/03/2023
"1,228,604,473,348",19/03/2023
"1,205,338,016,551",20/03/2023
"1,225,300,032,870",21/03/2023
"1,189,654,621,609",22/03/2023
"1,230,501,014,557",23/03/2023
"1,192,582,433,582",24/03/2023
"1,195,386,198,575",25/03/2023
"1,212,946,755,767",26/03/2023
"1,172,372,805,378",27/03/2023
"1,190,724,037,723",28/03/2023
"1,226,340,469,197",29/03/2023
"1,211,755,555,827",30/03/2023
"1,238,468,639,129",31/03/2023
"1,236,470,171,885",01/04/2023
"1,218,603,451,779",02/04/2023
"1,212,859,740,183",03/04/2023
"1,234,460,344,785",04/04/2023
"1,241,541,514,958",05/04/2023
"1,228,335,321,707",06/04/2023
"1,228,260,609,107",07/04/2023
"1,222,456,231,430",08/04/2023
"1,236,190,265,407",09/04/2023
"1,270,111,343,871",10/04/2023
"1,284,620,499,563",11/04/2023
"1,274,089,132,316",12/04/2023
"1,305,418,177,080",13/04/2023
"1,328,076,215,428",14/04/2023
"1,326,847,831,674",15/04/2023
"1,338,188,877,222",16/04/2023
"1,306,752,939,944",17/04/2023
"1,330,959,025,278",18/04/2023
"1,269,417,118,302",19/04/2023
"1,240,275,893,264",20/04/2023
"1,198,238,710,620",21/04/2023
"1,223,614,541,471",22/04/2023
"1,211,806,785,777",23/04/2023
"1,206,149,151,784",24/04/2023
"1,229,758,786,312",25/04/2023
"1,226,271,846,292",26/04/2023
"1,260,422,394,452",27/04/2023
"1,256,125,053,762",28/04/2023
"1,256,110,820,458",29/04/2023
"1,255,898,078,522",30/04/2023
"1,210,817,328,353",01/05/2023
"1,233,990,143,907",02/05/2023
"1,247,457,125,066",03/05/2023
"1,233,978,205,855",04/05/2023
"1,273,233,112,935",05/05/2023
"1,234,976,342,302",06/05/2023
"1,234,665,268,121",07/05/2023
"1,187,167,399,572",08/05/2023
"1,186,021,146,612",09/05/2023
"1,192,885,364,443",10/05/2023
"1,161,138,733,737",11/05/2023
"1,165,844,768,782",12/05/2023
"1,171,273,367,920",13/05/2023
"1,173,849,279,700",14/05/2023
"1,186,856,789,558",15/05/2023
"1,174,806,851,249",16/05/2023
"1,185,078,981,488",17/05/2023
"1,173,247,578,320",18/05/2023
"1,172,900,792,712",19/05/2023
"1,178,338,172,721",20/05/2023
"1,166,613,017,329",21/05/2023
"1,171,667,416,935",22/05/2023
"1,185,482,651,349",23/05/2023
"1,155,515,516,143",24/05/2023
"1,158,096,094,371",25/05/2023
"1,169,241,102,303",26/05/2023
"1,173,812,812,309",27/05/2023
"1,216,998,601,446",28/05/2023
"1,202,543,828,096",29/05/2023
"1,207,293,438,503",30/05/2023
"1,186,084,858,822",31/05/2023
"1,179,097,406,821",01/06/2023
"1,197,409,291,144",02/06/2023
"1,190,657,343,738",03/06/2023
"1,198,150,935,244",04/06/2023
"1,132,710,521,861",05/06/2023
"1,180,047,463,512",06/06/2023
"1,140,711,401,850",07/06/2023
"1,152,211,699,286",08/06/2023
"1,145,816,062,166",09/06/2023
"1,099,638,612,038",10/06/2023
"1,098,426,250,540",11/06/2023
"1,095,993,969,507",12/06/2023
"1,095,166,146,712",13/06/2023
"1,060,174,027,548",14/06/2023
"1,076,422,577,679",15/06/2023
"1,101,272,149,557",16/06/2023
"1,111,109,782,008",17/06/2023
"1,105,385,703,966",18/06/2023
"1,113,845,197,957",19/06/2023
"1,155,638,293,543",20/06/2023
"1,215,918,877,139",21/06/2023
"1,206,488,117,998",22/06/2023
"1,231,470,476,947",23/06/2023
"1,222,964,112,632",24/06/2023
"1,230,787,432,802",25/06/2023
"1,214,815,797,379",26/06/2023
"1,228,723,742,316",27/06/2023
"1,200,131,046,747",28/06/2023
"1,213,644,453,724",29/06/2023
"1,236,838,220,286",30/06/2023
"1,240,071,112,955",01/07/2023
"1,245,425,071,803",02/07/2023
"1,260,128,400,379",03/07/2023
"1,250,095,974,884",04/07/2023
"1,231,287,860,088",05/07/2023
"1,218,672,811,874",06/07/2023
"1,221,833,498,183",07/07/2023
"1,219,376,146,505",08/07/2023
"1,218,776,934,785",09/07/2023
"1,224,545,192,842",10/07/2023
"1,231,376,996,883",11/07/2023
"1,224,422,193,079",12/07/2023
"1,295,551,511,753",13/07/2023
"1,254,811,469,170",14/07/2023
"1,258,396,201,385",15/07/2023
"1,260,259,392,180",16/07/2023
"1,250,111,670,138",17/07/2023
"1,239,842,979,947",18/07/2023
"1,244,748,312,299",19/07/2023
"1,245,690,509,845",20/07/2023
"1,247,902,328,718",21/07/2023
"1,241,796,900,356",22/07/2023
"1,246,367,967,575",23/07/2023
"1,215,173,961,882",24/07/2023
"1,222,799,998,754",25/07/2023
"1,231,128,085,801",26/07/2023
"1,224,425,969,686",27/07/2023
"1,230,534,280,602",28/07/2023
"1,234,743,928,603",29/07/2023
"1,221,119,820,972",30/07/2023
"1,220,838,897,221",31/07/2023
"1,223,923,817,837",01/08/2023
"1,216,768,269,469",02/08/2023
"1,211,561,849,482",03/08/2023
"1,204,653,815,553",04/08/2023
"1,208,428,866,461",05/08/2023
"1,207,359,158,465",06/08/2023
"1,207,076,018,482",07/08/2023
"1,229,222,491,947",08/08/2023
"1,223,492,830,011",09/08/2023
"1,220,167,176,047",10/08/2023
"1,219,022,309,227",11/08/2023
"1,220,763,121,217",12/08/2023
"1,214,474,568,174",13/08/2023
"1,220,328,969,034",14/08/2023
"1,203,740,883,162",15/08/2023
"1,185,723,233,517",16/08/2023
"1,101,323,525,783",17/08/2023
"1,093,593,673,020",18/08/2023
"1,096,622,415,588",19/08/2023
"1,105,172,011,188",20/08/2023
"1,097,103,702,052",21/08/2023
"1,079,388,153,706",22/08/2023
"1,107,249,055,341",23/08/2023
"1,093,965,900,254",24/08/2023
"1,092,561,703,356",25/08/2023
"1,091,718,330,579",26/08/2023
"1,095,252,341,975",27/08/2023
"1,092,873,009,268",28/08/2023
"1,146,144,753,202",29/08/2023
"1,128,650,799,268",30/08/2023
"1,089,859,964,848",31/08/2023
"1,079,165,943,258",01/09/2023
"1,083,487,216,445",02/09/2023
"1,085,042,814,181",03/09/2023
"1,078,968,139,879",04/09/2023
"1,081,662,333,101",05/09/2023
"1,081,003,741,713",06/09/2023
"1,098,458,516,243",07/09/2023
"1,085,160,454,490",08/09/2023
"1,084,989,299,576",09/09/2023
"1,077,064,776,729",10/09/2023
"1,044,747,276,784",11/09/2023
"1,072,654,386,780",12/09/2023
"1,082,479,869,976",13/09/2023
"1,096,701,060,874",14/09/2023
"1,105,429,104,012",15/09/2023
"1,100,942,167,362",16/09/2023
"1,092,082,633,508",17/09/2023
"1,108,969,636,114",18/09/2023
"1,117,909,258,219",19/09/2023
"1,112,093,747,091",20/09/2023
"1,092,764,174,628",21/09/2023
"1,094,559,271,933",22/09/2023
"1,093,550,998,603",23/09/2023
"1,090,557,363,422",24/09/2023
"1,086,089,966,623",25/09/2023
"1,081,633,613,968",26/09/2023
"1,087,249,180,324",27/09/2023
"1,112,959,643,033",28/09/2023
"1,114,692,734,708",29/09/2023
"1,119,521,078,203",30/09/2023
"1,153,294,059,599",01/10/2023
"1,128,873,022,642",02/10/2023
"1,123,379,967,958",03/10/2023
"1,131,018,118,436",04/10/2023
"1,118,298,049,415",05/10/2023
"1,137,300,968,239",06/10/2023
"1,134,058,965,215",07/10/2023
"1,131,826,932,507",08/10/2023
"1,109,700,502,800",09/10/2023
"1,105,157,921,566",10/10/2023
"1,088,618,366,800",11/10/2023
"1,081,640,726,540",12/10/2023
"1,086,164,422,559",13/10/2023
"1,090,063,010,351",14/10/2023
"1,096,926,844,832",15/10/2023
"1,136,555,837,402",16/10/2023
"1,125,679,045,118",17/10/2023
"1,123,277,560,792",18/10/2023
"1,132,313,172,187",19/10/2023
"1,163,009,663,746",20/10/2023
"1,180,439,548,800",21/10/2023
"1,184,770,123,536",22/10/2023
"1,280,710,357,268",23/10/2023
"1,298,076,351,626",24/10/2023
"1,312,031,497,851",25/10/2023
"1,305,126,799,473",26/10/2023
"1,291,280,061,700",27/10/2023
"1,300,857,575,651",28/10/2023
"1,322,756,624,490",29/10/2023
"1,321,981,361,855",30/10/2023
"1,325,559,210,909",31/10/2023
"1,351,964,680,376",01/11/2023
"1,334,530,230,543",02/11/2023
"1,340,007,402,666",03/11/2023
"1,362,611,898,834",04/11/2023
"1,369,399,956,109",05/11/2023
"1,387,381,829,379",06/11/2023
"1,385,229,848,584",07/11/2023
"1,400,200,362,488",08/11/2023
"1,442,459,720,771",09/11/2023
"1,472,948,008,185",10/11/2023
"1,460,164,989,183",11/11/2023
"1,471,782,468,094",12/11/2023
"1,446,936,435,529",13/11/2023
"1,416,529,683,257",14/11/2023
"1,488,061,922,198",15/11/2023
"1,437,452,615,822",16/11/2023
"1,440,673,762,702",17/11/2023
"1,439,275,742,379",18/11/2023
"1,457,124,588,230",19/11/2023
"1,469,654,968,173",20/11/2023
"1,417,549,509,318",21/11/2023
"1,478,247,142,099",22/11/2023
"1,475,623,500,021",23/11/2023
"1,489,871,963,433",24/11/2023
"1,496,513,834,844",25/11/2023
"1,492,347,678,943",26/11/2023
"1,461,852,018,444",27/11/2023
"1,491,014,862,700",28/11/2023
"1,486,336,940,629",29/11/2023
"1,489,202,802,201",30/11/2023
"1,520,202,593,589",01/12/2023
"1,551,594,441,370",02/12/2023
"1,574,656,379,026",03/12/2023
"1,608,334,059,255",04/12/2023
"1,677,278,978,202",05/12/2023
"1,662,043,854,310",06/12/2023
"1,674,824,713,845",07/12/2023
"1,718,036,987,972",08/12/2023
"1,715,831,722,194",09/12/2023
"1,711,901,808,666",10/12/2023
"1,623,186,187,042",11/12/2023
"1,628,620,717,919",12/12/2023
"1,681,665,387,903",13/12/2023
"1,706,722,154,422",14/12/2023
"1,660,759,555,833",15/12/2023
"1,666,261,665,345",16/12/2023
"1,645,767,299,802",17/12/2023
"1,660,150,811,271",18/12/2023
"1,656,821,778,445",19/12/2023
"1,701,987,125,822",20/12/2023
"1,733,799,782,635",21/12/2023
"1,745,971,275,107",22/12/2023
"1,751,726,722,036",23/12/2023
"1,729,502,922,307",24/12/2023
"1,764,424,854,352",25/12/2023
"1,726,891,139,897",26/12/2023
"1,772,043,633,504",27/12/2023
"1,749,982,855,946",28/12/2023
"1,715,175,957,088",29/12/2023
"1,725,915,291,558",30/12/2023
"1,725,301,893,756",31/12/2023
"1,773,705,759,190",01/01/2024
"1,805,076,979,964",02/01/2024
"1,713,247,175,543",03/01/2024
"1,766,189,004,836",04/01/2024
"1,741,070,491,419",05/01/2024
"1,726,996,940,233",06/01/2024
"1,712,863,027,166",07/01/2024
"1,813,283,591,680",08/01/2024
"1,784,820,497,337",09/01/2024
"1,862,750,636,448",10/01/2024
"1,858,580,923,260",11/01/2024
"1,740,717,321,057",12/01/2024
"1,773,493,527,808",13/01/2024
"1,750,633,752,776",14/01/2024
"1,756,609,187,985",15/01/2024
"1,767,027,974,987",16/01/2024
"1,761,552,615,896",17/01/2024
"1,711,335,196,787",18/01/2024
"1,720,003,937,297",19/01/2024
"1,723,628,770,900",20/01/2024
"1,718,396,846,216",21/01/2024
"1,641,111,170,745",22/01/2024
"1,611,004,724,522",23/01/2024
"1,628,689,467,140",24/01/2024
"1,629,262,857,255",25/01/2024
"1,691,644,401,400",26/01/2024
"1,701,693,835,145",27/01/2024
"1,690,798,059,140",28/01/2024
"1,740,113,306,497",29/01/2024
"1,743,234,341,428",30/01/2024
"1,726,150,031,894",31/01/2024
"1,693,344,158,684",01/02/2024
"1,724,291,152,004",02/02/2024
"1,730,067,353,959",03/02/2024
"1,708,596,709,358",04/02/2024
"1,716,337,925,675",05/02/2024
"1,741,837,861,152",06/02/2024
"1,776,643,910,442",07/02/2024
"1,808,261,120,261",08/02/2024
"1,871,882,825,034",09/02/2024
"1,887,497,847,411",10/02/2024
"1,890,739,728,778",11/02/2024
"1,964,469,452,094",12/02/2024
"1,948,344,990,957",13/02/2024
"2,031,392,265,575",14/02/2024
"2,041,273,913,909",15/02/2024
"2,043,708,153,776",16/02/2024
"2,036,451,161,955",17/02/2024
"2,075,395,237,679",18/02/2024
"2,088,163,304,972",19/02/2024
"2,092,257,356,290",20/02/2024
"2,056,054,886,517",21/02/2024
"2,070,949,101,993",22/02/2024
"2,042,239,700,259",23/02/2024
"2,080,330,841,081",24/02/2024
"2,101,044,373,465",25/02/2024
"2,193,134,555,511",26/02/2024
"2,253,942,181,811",27/02/2024
"2,365,244,722,500",28/02/2024
"2,365,489,199,848",29/02/2024
"2,440,454,619,779",01/03/2024
"2,446,450,734,616",02/03/2024
"2,478,734,501,172",03/03/2024
"2,623,783,272,033",04/03/2024
"2,469,979,128,193",05/03/2024
"2,615,960,184,646",06/03/2024
"2,672,384,796,887",07/03/2024
"2,714,297,615,104",08/03/2024
"2,732,189,886,472",09/03/2024
"2,708,548,722,087",10/03/2024
"2,860,297,669,308",11/03/2024
"2,815,604,753,558",12/03/2024
"2,891,926,332,756",13/03/2024
"2,845,764,838,219",14/03/2024
"2,754,252,423,690",15/03/2024
"2,630,249,413,779",16/03/2024
"2,720,378,999,407",17/03/2024
"2,666,873,636,095",18/03/2024
"2,457,509,365,846",19/03/2024
"2,672,145,927,608",20/03/2024
"2,611,103,222,536",21/03/2024
"2,516,770,070,070",22/03/2024
"2,589,086,088,778",23/03/2024
"2,665,693,636,841",24/03/2024
"2,781,699,248,455",25/03/2024
"2,782,143,894,581",26/03/2024
"2,743,906,158,338",27/03/2024
"2,792,962,942,548",28/03/2024
"2,773,028,905,592",29/03/2024
"2,762,940,430,712",30/03/2024
"2,820,764,936,025",31/03/2024
"2,753,391,784,706",01/04/2024
"2,607,689,260,893",02/04/2024
"2,615,953,587,590",03/04/2024
"2,659,311,041,271",04/04/2024
"2,647,613,707,948",05/04/2024
"2,699,759,469,600",06/04/2024
"2,710,800,044,119",07/04/2024
"2,831,434,525,819",08/04/2024
"2,728,832,818,103",09/04/2024
"2,755,916,630,741",10/04/2024
"2,739,797,748,830",11/04/2024
"2,552,924,509,779",12/04/2024
"2,417,497,027,132",13/04/2024
"2,493,645,411,194",14/04/2024
"2,431,921,308,512",15/04/2024
"2,427,375,412,770",16/04/2024
"2,362,634,340,749",17/04/2024
"2,426,393,084,262",18/04/2024
"2,446,655,625,447",19/04/2024
"2,501,265,782,304",20/04/2024
"2,509,931,241,140",21/04/2024
"2,586,472,477,514",22/04/2024
"2,570,695,301,558",23/04/2024
"2,489,735,707,562",24/04/2024
"2,505,360,690,689",25/04/2024
"2,469,416,806,612",26/04/2024
"2,474,771,162,913",27/04/2024
"2,481,052,282,549",28/04/2024
"2,478,944,462,144",29/04/2024
"2,348,786,870,451",30/04/2024
